{  
   "Items":[  
      {  
         "SalesRep":"Julia Cruise",
         "EngagementStatus":"Contact made",
         "Title":"Sr Manager Level",
         "POC":"Jerri Casswell",
         "Client":"Google",
         "OutCome_Remarks":"Scheduled for next week",
         "POI":"Fix up next meeting with Sales Head",
         "meetingDate":"2019-07-21",
         "Vertical":"Technology",
         "id":"JhWIckFFwp068GWP8Mko",
         "MeetingLocation":"Text"
      },
      {  
         "SalesRep":"John Doe",
         "POC":"Dew Tilbey",
         "OutCome_Remarks":"Deal closed",
         "baseRevenue":10,
         "POI":"Deal signing",
         "meetingDate":"2019-07-21",
         "incrementedRevenue":8,
         "Vertical":"Senior Management",
         "EngagementStatus":"Won",
         "Title":"C level",
         "Client":"Accenture",
         "callsRecived":10,
         "NewMMR":3500,
         "NewLogo":82,
         "id":"pw7XN2ioS205WXsJRcHm",
         "callsTried":15,
         "MeetingLocation":"Face to face"
      },
      {  
         "SalesRep":"Julia Cruise",
         "POC":"Henry Ford",
         "OutCome_Remarks":"We won the deal",
         "baseRevenue":13,
         "POI":"Introductory call",
         "meetingDate":"2019-05-24",
         "incrementedRevenue":22,
         "Vertical":"Technology",
         "EngagementStatus":"Won",
         "Title":"Sr Manager Level",
         "Client":"TCS",
         "callsRecived":10,
         "NewMMR":2200,
         "NewLogo":130,
         "id":"6Coap35QgqbadLafod76",
         "callsTried":20,
         "MeetingLocation":"call"
      },
      {  
         "SalesRep":"Tom Roberts",
         "POC":"Denney Halms",
         "OutCome_Remarks":"Deal lost",
         "POI":"Finalize negotiation",
         "meetingDate":"2019-07-21",
         "Vertical":"Senior Management",
         "EngagementStatus":"Lost",
         "Title":"VP Level",
         "Client":"Microsoft",
         "callsRecived":10,
         "NewMMR":0,
         "NewLogo":0,
         "id":"LajxToiJ1SgTGIg4jFAS",
         "callsTried":15,
         "MeetingLocation":"Face to face"
      },
      {  
         "SalesRep":"Tom Roberts",
         "EngagementStatus":"Lead in",
         "Title":"VP Level",
         "POC":"Albert Tony",
         "Client":"Infosys",
         "OutCome_Remarks":"Meeting confirmed for tomorrow.",
         "POI":"Confirm final meeting with CEO for pricing negotiation",
         "meetingDate":"2019-06-4",
         "Vertical":"Senior Management",
         "id":"CWmNyYUqSO5drTptKS3M",
         "MeetingLocation":"Email"
      },
      {  
         "SalesRep":"John Doe",
         "EngagementStatus":"Needs defined",
         "Title":"C level",
         "POC":"Mahmud Ritelli",
         "Client":"Oberio Group of Hotels",
         "OutCome_Remarks":"Send them an updated proposal based on their feedback by the next week.",
         "POI":"Propose our solution",
         "meetingDate":"2019-06-09",
         "Vertical":"Marketing",
         "id":"65fscMP9zy5T9euZC1Od",
         "MeetingLocation":"Face to face"
      },
      {  
         "SalesRep":"Julia Cruise",
         "EngagementStatus":"Lead in",
         "Title":"Sr Manager Level",
         "POC":"Henry Ford",
         "Client":"TCS",
         "OutCome_Remarks":"Scheduled for next week",
         "POI":"Fix up next meeting with Sales Head",
         "meetingDate":"2019-05-21",
         "Vertical":"Technology",
         "id":"fcoJriY8yz73mkrD0ukK",
         "MeetingLocation":"Text"
      },
      {  
         "SalesRep":"John Doe",
         "EngagementStatus":"Negotiation started",
         "Title":"C level",
         "POC":"Dew Tilbey",
         "Client":"Accenture",
         "OutCome_Remarks":"He need to get final approval by the board. Will happen by today EOD",
         "POI":"Negotiation",
         "meetingDate":"2019-07-20",
         "Vertical":"Senior Management",
         "id":"WtrhcL2mUOZnxKfkXOxx",
         "MeetingLocation":"Face to face"
      },
      {  
         "SalesRep":"Julia Cruise",
         "EngagementStatus":"Proposal Made",
         "Title":"Sr Manager Level",
         "POC":"Henry Ford",
         "Client":"TCS",
         "OutCome_Remarks":"Scheduled for next week",
         "POI":"Fix up next meeting with Sales Head",
         "meetingDate":"2019-05-23",
         "Vertical":"Technology",
         "id":"1Lv9jidn1PqbVH9NIC4K",
         "MeetingLocation":"Text"
      },
      {  
         "SalesRep":"John Doe",
         "EngagementStatus":"Needs Defined",
         "Title":"C level",
         "POC":"Mahmud Ritelli",
         "Client":"Oberio Group of Hotels",
         "OutCome_Remarks":"Send first cut of proposed solution",
         "POI":"Understand their current ecosystem",
         "meetingDate":"2019-07-20",
         "Vertical":"Marketing",
         "id":"GsLj9bs7GSC0RCZElnqT",
         "MeetingLocation":"Goto meeting"
      },
      {  
         "SalesRep":"Eathan Hunt",
         "EngagementStatus":"Contact made",
         "Title":"C level",
         "POC":"Avie Peasegood",
         "Client":"Taj Group of Holels",
         "OutCome_Remarks":"She has to fly out of country urgently. Will get back with availability once back.",
         "POI":"Fix up next meeting",
         "meetingDate":"2019-06-10",
         "Vertical":"Sales",
         "id":"BaVDuSf6kJIaqy8sWQWx",
         "MeetingLocation":"Call"
      },
      {  
         "SalesRep":"Tom Roberts",
         "POC":"Albert Tony",
         "OutCome_Remarks":"Deal lost",
         "baseRevenue":10,
         "POI":"Finalize negotiation",
         "meetingDate":"2019-06-8",
         "incrementedRevenue":8,
         "Vertical":"Senior Management",
         "EngagementStatus":"Won",
         "Title":"VP Level",
         "Client":"Infosys",
         "callsRecived":10,
         "NewMMR":200,
         "NewLogo":10,
         "id":"pRMGstRamRNKG669jLx4",
         "callsTried":15,
         "MeetingLocation":"Face to face"
      },
      {  
         "SalesRep":"Tom Roberts",
         "EngagementStatus":"Negotiation started",
         "Title":"VP Level",
         "POC":"Albert Tony",
         "Client":"Infosys",
         "OutCome_Remarks":"Meeting confirmed for tomorrow.",
         "POI":"Confirm final meeting with CEO for pricing negotiation",
         "meetingDate":"2019-06-5",
         "Vertical":"Senior Management",
         "id":"0jjckr1A3NraZFsRjluC",
         "MeetingLocation":"Email"
      },
      {  
         "SalesRep":"Tom Roberts",
         "EngagementStatus":"Contact made",
         "Title":"VP Level",
         "POC":"Albert Tony",
         "Client":"Infosys",
         "OutCome_Remarks":"Meeting confirmed for tomorrow.",
         "POI":"Confirm final meeting with CEO for pricing negotiation",
         "meetingDate":"2019-06-5",
         "Vertical":"Senior Management",
         "id":"Hth72temTaZsXYQBsxYT",
         "MeetingLocation":"Email"
      },
      {  
         "SalesRep":"Tom Roberts",
         "EngagementStatus":"Negotiation started",
         "Title":"VP Level",
         "POC":"Denney Halms",
         "Client":"Microsoft",
         "OutCome_Remarks":"Meeting confirmed for tomorrow.",
         "POI":"Confirm final meeting with CEO for pricing negotiation",
         "meetingDate":"2019-07-20",
         "Vertical":"Senior Management",
         "id":"P4393InPeYSxCiBFIZKl",
         "MeetingLocation":"Email"
      },
      {  
         "SalesRep":"Julia Cruise",
         "POC":"Jerri Casswell",
         "OutCome_Remarks":"Need to send them a reminder tomorrow to fic meeting with the Sales Head.",
         "baseRevenue":45,
         "POI":"Introductory call",
         "meetingDate":"2019-07-20",
         "incrementedRevenue":22,
         "Vertical":"Technology",
         "EngagementStatus":"Won",
         "Title":"Sr Manager Level",
         "Client":"Google",
         "callsRecived":10,
         "NewMMR":2200,
         "NewLogo":130,
         "id":"sF906wVqZo26kx6nAlnn",
         "callsTried":20,
         "MeetingLocation":"call"
      },
      {  
         "SalesRep":"Eathan Hunt",
         "EngagementStatus":"Contact made",
         "Title":"C level",
         "POC":"Avie Peasegood",
         "Client":"Taj Group of Holels",
         "OutCome_Remarks":"She will get back with the availability for the next meeting.",
         "POI":"Demo the Product",
         "meetingDate":"2019-07-20",
         "Vertical":"Goto meeting",
         "id":"Z31qbLrCNKSfyabyNEef",
         "MeetingLocation":"Video"
      }
   ],
   "Count":17,
   "ScannedCount":17
}